imdb_title_id,rank,title,original_title,year,date_published,genre,duration,country,language,director,writer,production_company,actors,description,avg_vote,votes,budget,usa_gross_income,worlwide_gross_income,metascore,reviews_from_users,reviews_from_critics
tt0060138,1,Au hasard Balthazar,Au hasard Balthazar,1966,1966-05-25,Drama,95,"France, Sweden","French, Latin",Robert Bresson,Robert Bresson,Argos Films,"Anne Wiazemsky, Walter Green, François Lafarge, Jean-Claude Guilbert, Philippe Asselin, Pierre Klossowski, Nathalie Joyaut, Marie-Claire Frémont, Jean-Joël Barbier, Guy Renault, Jean Rémignard, Guy Brejac, Mylène Weyergans, Jacques Sorbets, François Sullerot",The story of a mistreated donkey and the people around him. A study on saintliness and a sister piece to Bresson's Mouchette.,7.9,15808,,"$45,406","$45,406",100,77,109
tt0047396,2,Rear Window,Rear Window,1954,1955-01-07,"Mystery, Thriller",112,USA,English,Alfred Hitchcock,"John Michael Hayes, Cornell Woolrich",Alfred J. Hitchcock Productions,"James Stewart, Grace Kelly, Wendell Corey, Thelma Ritter, Raymond Burr, Judith Evelyn, Ross Bagdasarian, Georgine Darcy, Sara Berner, Frank Cady, Jesslyn Fax, Rand Harper, Irene Winston, Havis Davenport",A wheelchair-bound photographer spies on his neighbors from his apartment window and becomes convinced one of them has committed murder.,8.4,410462,"$1,000,000","$36,764,313","$37,032,034",100,759,145
tt0034583,3,Casablanca,Casablanca,1942,1943-01-23,"Drama, Romance, War",102,USA,"English, French, German, Italian",Michael Curtiz,"Julius J. Epstein, Philip G. Epstein",Warner Bros.,"Humphrey Bogart, Ingrid Bergman, Paul Henreid, Claude Rains, Conrad Veidt, Sydney Greenstreet, Peter Lorre, S.Z. Sakall, Madeleine Lebeau, Dooley Wilson, Joy Page, John Qualen, Leonid Kinskey, Curt Bois",A cynical American expatriate struggles to decide whether or not he should help his former lover and her fugitive husband escape French Morocco.,8.5,487757,"$950,000","$4,108,411","$4,374,761",100,1232,187
tt0068646,4,The Godfather,The Godfather,1972,1972-08-25,"Crime, Drama",175,USA,"English, Italian, Latin",Francis Ford Coppola,"Mario Puzo, Francis Ford Coppola",Paramount Pictures,"Marlon Brando, Al Pacino, James Caan, Richard S. Castellano, Robert Duvall, Sterling Hayden, John Marley, Richard Conte, Al Lettieri, Diane Keaton, Abe Vigoda, Talia Shire, Gianni Russo, John Cazale, Rudy Bond",The aging patriarch of an organized crime dynasty transfers control of his clandestine empire to his reluctant son.,9.2,1482143,"$6,000,000","$134,966,411","$246,120,974",100,3362,241
tt0057091,5,Il gattopardo,Il gattopardo,1963,1963-03-29,"Drama, History",186,"Italy, France","Italian, Latin, French",Luchino Visconti,"Giuseppe Tomasi di Lampedusa, Suso Cecchi D'Amico",Titanus,"Burt Lancaster, Claudia Cardinale, Alain Delon, Paolo Stoppa, Rina Morelli, Romolo Valli, Terence Hill, Pierre Clémenti, Lucilla Morlacchi, Giuliano Gemma, Evelyn Stewart, Ottavia Piccolo, Carlo Valenzano, Brook Fuller, Anna Maria Bottini","The Prince of Salina, a noble aristocrat of impeccable integrity, tries to preserve his family and class amid the tumultuous social upheavals of 1860's Sicily.",8,20828,ITL 2900000000,,"$181,692",100,104,112
tt0033467,6,Citizen Kane,Citizen Kane,1941,1942-04-17,"Drama, Mystery",119,USA,"English, Italian",Orson Welles,"Herman J. Mankiewicz, Orson Welles",RKO Radio Pictures,"Joseph Cotten, Dorothy Comingore, Agnes Moorehead, Ruth Warrick, Ray Collins, Erskine Sanford, Everett Sloane, William Alland, Paul Stewart, George Coulouris, Fortunio Bonanova, Gus Schilling, Philip Van Zandt, Georgia Backus, Harry Shannon","Following the death of publishing tycoon, Charles Foster Kane, reporters scramble to uncover the meaning of his final utterance; 'Rosebud'.",8.3,371943,"$839,727","$1,585,634","$1,594,107",100,1371,265
tt0056172,7,Lawrence of Arabia,Lawrence of Arabia,1962,1963-07-26,"Adventure, Biography, Drama",228,UK,"English, Arabic, Turkish",David Lean,"T.E. Lawrence, Robert Bolt",Horizon Pictures (II),"Peter O'Toole, Alec Guinness, Anthony Quinn, Jack Hawkins, Omar Sharif, José Ferrer, Anthony Quayle, Claude Rains, Arthur Kennedy, Donald Wolfit, I.S. Johar, Gamil Ratib, Michel Ray, John Dimech, Zia Mohyeddin",The story of,8.3,249021,"$15,000,000","$45,306,425","$45,710,874",100,624,194
tt0032138,8,The Wizard of Oz,The Wizard of Oz,1939,1940-04-12,"Adventure, Family, Fantasy",102,USA,English,"Victor Fleming, George Cukor","Noel Langley, Florence Ryerson",Metro-Goldwyn-Mayer (MGM),"Judy Garland, Frank Morgan, Ray Bolger, Bert Lahr, Jack Haley, Billie Burke, Margaret Hamilton, Charley Grapewin, Pat Walshe, Clara Blandick, Terry, The Singer Midgets",Dorothy Gale is swept away from a farm in Kansas to a magical land of Oz in a tornado and embarks on a quest with her new friends to see the Wizard who can help her return home to Kansas and help her friends as well.,8,357418,"$2,777,000","$24,790,250","$26,120,538",100,641,160
tt1065073,9,Boyhood,Boyhood,2014,2014-07-11,Drama,165,USA,"English, Spanish",Richard Linklater,Richard Linklater,IFC Productions,"Ellar Coltrane, Patricia Arquette, Elijah Smith, Lorelei Linklater, Steven Chester Prince, Bonnie Cross, Sydney Orta, Libby Villari, Ethan Hawke, Marco Perella, Jamie Howard, Andrew Villarreal, Shane Graham, Tess Allen, Ryan Power","The life of Mason, from early childhood to his arrival at college.",7.9,320400,"$4,000,000","$25,352,281","$44,495,281",100,949,576
tt0083922,10,Fanny och Alexander,Fanny och Alexander,1982,1982-12-17,Drama,188,"Sweden, France, West Germany","Swedish, German, Yiddish, English, French",Ingmar Bergman,Ingmar Bergman,Cinematograph AB,"Kristina Adolphson, Börje Ahlstedt, Pernilla Allwin, Kristian Almgren, Carl Billquist, Axel Düberg, Allan Edwall, Siv Ericks, Ewa Fröling, Patricia Gélin, Majlis Granlund, Maria Granlund, Bertil Guve, Eva von Hanno, Sonya Hedenbratt","Two young Swedish children experience the many comedies and tragedies of their family, the Ekdahls.",8.1,53169,"$6,000,000","$6,783,304","$6,795,771",100,129,97
tt0046511,11,Viaggio in Italia,Viaggio in Italia,1954,1954-09-08,"Drama, Romance",85,"Italy, France","English, Italian",Roberto Rossellini,"Vitaliano Brancati, Roberto Rossellini",Italia Film,"Ingrid Bergman, George Sanders, Maria Mauban, Anna Proclemer, Paul Muller, Anthony La Penna, Natalia Ray, Jackie Frost",An unhappily married couple attempts to find direction and insight while vacationing in Naples.,7.4,7837,,,,100,36,57
tt0038787,12,Notorious,Notorious,1946,1946-09-06,"Drama, Film-Noir, Romance",102,USA,"English, French, Portuguese",Alfred Hitchcock,Ben Hecht,RKO Radio Pictures,"Cary Grant, Ingrid Bergman, Claude Rains, Louis Calhern, Leopoldine Konstantin, Reinhold Schünzel, Moroni Olsen, Ivan Triesault, Alexis Minotis, Wally Brown, Charles Mendl, Ricardo Costa, E.A. Krumschmidt, Fay Baker",A woman is asked to spy on a group of Nazi friends in South America. How far will she have to go to ingratiate herself with them?,7.9,86712,"$2,000,000",,"$113,061",100,329,135
tt0052357,13,Vertigo,Vertigo,1958,1958-10-03,"Mystery, Romance, Thriller",128,USA,English,Alfred Hitchcock,"Alec Coppel, Samuel A. Taylor",Alfred J. Hitchcock Productions,"James Stewart, Kim Novak, Barbara Bel Geddes, Tom Helmore, Henry Jones, Raymond Bailey, Ellen Corby, Konstantin Shayne, Lee Patrick",A former police detective juggles wrestling with his personal demons and becoming obsessed with a hauntingly beautiful woman.,8.3,330818,"$2,479,000","$7,705,225","$7,779,797",100,788,172
tt0111495,14,Trois couleurs: Rouge,Trois couleurs: Rouge,1994,1994-05-27,"Drama, Mystery, Romance",99,"Switzerland, France, Poland",French,Krzysztof Kieslowski,"Krzysztof Kieslowski, Krzysztof Piesiewicz",MK2 Productions,"Irène Jacob, Jean-Louis Trintignant, Frédérique Feder, Jean-Pierre Lorit, Samuel Le Bihan, Marion Stalens, Teco Celio, Bernard Escalon, Jean Schlegel, Elzbieta Jasinska, Paul Vermeulen, Jean-Marie Daunas, Roland Carey, Brigitte Raul, Leo Ramseyer",A model discovers a retired judge is keen on invading people's privacy.,8.1,82344,,"$3,581,969","$3,581,969",100,156,104
tt0051036,15,Sweet Smell of Success,Sweet Smell of Success,1957,1957-10-04,"Drama, Film-Noir",96,USA,English,Alexander Mackendrick,"Clifford Odets, Ernest Lehman",Norma Productions,"Burt Lancaster, Tony Curtis, Susan Harrison, Martin Milner, Jeff Donnell, Sam Levene, Joe Frisco, Barbara Nichols, Emile Meyer, Edith Atwater, The Chico Hamilton Quintet",Powerful but unethical Broadway columnist J.J. Hunsecker coerces unscrupulous press agent Sidney Falco into breaking up his sister's romance with a jazz musician.,8.1,25167,"$2,600,000",,"$7,336",100,143,127
tt0065571,16,Il conformista,Il conformista,1970,1971-02-17,Drama,113,"Italy, France, West Germany","Italian, French, Latin, Chinese",Bernardo Bertolucci,"Alberto Moravia, Bernardo Bertolucci",Mars Film,"Jean-Louis Trintignant, Stefania Sandrelli, Gastone Moschin, Enzo Tarascio, Fosco Giachetti, José Quaglio, Yvonne Sanson, Milly, Antonio Maestri, Alessandro Haber, Luciano Rossi, Massimo Sarchielli, Pierangelo Civera, Giuseppe Addobbati, Christian Aligny","A weak-willed Italian man becomes a fascist flunky who goes abroad to arrange the assassination of his old teacher, now a political dissident.",8,24130,"$750,000","$58,657","$400,747",100,110,127
tt0032910,17,Pinocchio,Pinocchio,1940,1940-09-06,"Animation, Comedy, Family",88,USA,English,"Norman Ferguson, T. Hee","Carlo Collodi, Ted Sears",Walt Disney Productions,"Mel Blanc, Don Brodie, Stuart Buchanan, Walter Catlett, Marion Darlington, Frankie Darro, Cliff Edwards, Dickie Jones, Charles Judels, John McLeish, Patricia Page, Christian Rub, Evelyn Venable","A living puppet, with the help of a cricket as his conscience, must prove himself worthy to become a real boy.",7.4,120088,"$2,600,000","$84,254,167","$121,892,045",99,183,131
tt0048424,18,The Night of the Hunter,The Night of the Hunter,1955,1955-11-24,"Crime, Drama, Film-Noir",92,USA,English,Charles Laughton,"James Agee, Davis Grubb",Paul Gregory Productions,"Robert Mitchum, Shelley Winters, Lillian Gish, James Gleason, Evelyn Varden, Peter Graves, Don Beddoe, Billy Chapin, Sally Jane Bruce, Gloria Castillo","A religious fanatic marries a gullible widow whose young children are reluctant to tell him where their real daddy hid $10,000 he'd stolen in a robbery.",8,76733,"$795,000",,"$2,001",99,442,204
tt0045152,19,Singin' in the Rain,Singin' in the Rain,1952,1953-01-16,"Comedy, Musical, Romance",103,USA,English,"Stanley Donen, Gene Kelly","Betty Comden, Adolph Green",Metro-Goldwyn-Mayer (MGM),"Gene Kelly, Donald O'Connor, Debbie Reynolds, Jean Hagen, Millard Mitchell, Cyd Charisse, Douglas Fowley, Rita Moreno",A silent film production company and cast make a difficult transition to sound.,8.3,202701,"$2,540,800","$1,826,108","$1,864,182",99,619,150
tt0021749,20,City Lights,City Lights,1931,1931-08-21,"Comedy, Drama, Romance",87,USA,English,Charles Chaplin,Charles Chaplin,Charles Chaplin Productions,"Virginia Cherrill, Florence Lee, Harry Myers, Al Ernest Garcia, Hank Mann, Charles Chaplin","With the aid of a wealthy erratic tippler, a dewy-eyed tramp who has fallen in love with a sightless flower girl accumulates money to be able to help her medically.",8.5,152716,"$1,500,000","$19,181","$32,609",99,270,120
tt0052311,21,Touch of Evil,Touch of Evil,1958,1958-06-06,"Crime, Drama, Film-Noir",95,USA,"English, Spanish",Orson Welles,"Orson Welles, Whit Masterson",Universal International Pictures (UI),"Charlton Heston, Janet Leigh, Orson Welles, Joseph Calleia, Akim Tamiroff, Joanna Moore, Ray Collins, Dennis Weaver, Valentin de Vargas, Mort Mills, Victor Millan, Lalo Rios, Michael Sargent, Phil Harvey, Joi Lansing","A stark, perverse story of murder, kidnapping, and police corruption in a Mexican border town.",8,93971,"$829,000","$2,247,465","$2,286,947",99,304,112
tt0064040,22,The Army of Shadows,L'armée des ombres,1969,1969-09-12,"Drama, War",145,"France, Italy","French, German, English",Jean-Pierre Melville,"Joseph Kessel, Jean-Pierre Melville",Les Films Corona,"Lino Ventura, Paul Meurisse, Jean-Pierre Cassel, Simone Signoret, Claude Mann, Paul Crauchet, Christian Barbier, Serge Reggiani, André Dewavrin, Alain Dekok, Alain Mottet, Alain Libolt, Jean-Marie Robain, Albert Michel, Denis Sadier",An account of underground resistance fighters in Nazi-occupied France.,8.2,18500,,"$771,956","$840,722",99,88,135
tt4975722,23,Moonlight,Moonlight,2016,2017-02-24,Drama,111,USA,English,Barry Jenkins,"Barry Jenkins, Tarell Alvin McCraney",A24,"Mahershala Ali, Shariff Earp, Duan Sanderson, Alex R. Hibbert, Janelle Monáe, Naomie Harris, Jaden Piner, Herman 'Caheei McGloun, Kamal Ani-Bellow, Keomi Givens, Eddie Blanchard, Rudi Goblen, Ashton Sanders, Edson Jean, Patrick Decile","A young African-American man grapples with his identity and sexuality while experiencing the everyday struggles of childhood, adolescence, and burgeoning adulthood.",7.4,238659,"$4,000,000","$27,854,932","$65,046,687",99,818,504
tt0457430,24,Pan's Labyrinth,El laberinto del fauno,2006,2006-11-24,"Drama, Fantasy, War",118,"Mexico, Spain",Spanish,Guillermo del Toro,Guillermo del Toro,Estudios Picasso,"Ivana Baquero, Sergi López, Maribel Verdú, Doug Jones, Ariadna Gil, Álex Angulo, Manolo Solo, César Vea, Roger Casamajor, Ivan Massagué, Gonzalo Uriarte, Eusebio Lázaro, Francisco Vidal, Juanjo Cucalón, Lina Mira","In the Falangist Spain of 1944, the bookish young stepdaughter of a sadistic army officer escapes into an eerie but captivating fantasy world.",8.2,583872,"$19,000,000","$37,634,615","$83,258,226",98,1225,446
tt0017136,25,Metropolis,Metropolis,1927,1927-02-06,"Drama, Sci-Fi",153,Germany,German,Fritz Lang,"Thea von Harbou, Thea von Harbou",Universum Film (UFA),"Alfred Abel, Gustav Fröhlich, Rudolf Klein-Rogge, Fritz Rasp, Theodor Loos, Erwin Biswanger, Heinrich George, Brigitte Helm","In a futuristic city sharply divided between the working class and the city planners, the son of the city's mastermind falls in love with a working class prophet who predicts the coming of a savior to mediate their differences.",8.3,148396,DEM 6000000,"$1,236,166","$1,349,711",98,471,194
tt0040897,26,The Treasure of the Sierra Madre,The Treasure of the Sierra Madre,1948,1948-01-24,"Adventure, Drama, Western",126,"USA, Mexico","English, Spanish",John Huston,"John Huston, B. Traven",Warner Bros.,"Humphrey Bogart, Walter Huston, Tim Holt, Bruce Bennett, Barton MacLane, Alfonso Bedoya, Arturo Soto Rangel, Manuel Dondé, José Torvay, Margarito Luna",Two Americans searching for work in Mexico convince an old prospector to help them mine for gold in the Sierra Madre Mountains.,8.2,106099,"$3,000,000","$215,295","$215,295",98,256,94
tt0053125,27,North by Northwest,North by Northwest,1959,1960-02-19,"Adventure, Mystery, Thriller",136,USA,"English, French",Alfred Hitchcock,Ernest Lehman,Metro-Goldwyn-Mayer (MGM),"Cary Grant, Eva Marie Saint, James Mason, Jessie Royce Landis, Leo G. Carroll, Josephine Hutchinson, Philip Ober, Martin Landau, Adam Williams, Edward Platt, Robert Ellenstein, Les Tremayne, Philip Coolidge, Patrick McVey, Edward Binns",A New York City advertising executive goes on the run after being mistaken for a government agent by a group of foreign spies.,8.3,278744,"$3,101,000",,"$55,597",98,569,164
tt0042192,28,All About Eve,All About Eve,1950,1951-02-02,Drama,138,USA,"English, French",Joseph L. Mankiewicz,Joseph L. Mankiewicz,Twentieth Century Fox,"Bette Davis, Anne Baxter, George Sanders, Celeste Holm, Gary Merrill, Hugh Marlowe, Gregory Ratoff, Barbara Bates, Marilyn Monroe, Thelma Ritter, Walter Hampden, Randy Stuart, Craig Hill, Leland Harris, Barbara White",An ingénue insinuates herself into the lives of an established but aging stage actress and her circle of theater friends.,8.2,112198,"$1,400,000","$63,463","$150,438",98,358,128
tt0047478,29,Shichinin no samurai,Shichinin no samurai,1954,1954-04-26,"Action, Adventure, Drama",207,Japan,Japanese,Akira Kurosawa,"Akira Kurosawa, Shinobu Hashimoto",Toho Company,"Toshirô Mifune, Takashi Shimura, Keiko Tsushima, Yukiko Shimazaki, Kamatari Fujiwara, Daisuke Katô, Isao Kimura, Minoru Chiaki, Seiji Miyaguchi, Yoshio Kosugi, Bokuzen Hidari, Yoshio Inaba, Yoshio Tsuchiya, Kokuten Kôdô, Eijirô Tôno",A poor village under attack by bandits recruits seven unemployed samurai to help them defend themselves.,8.6,292222,JPY 125000000,"$318,649","$322,773",98,655,121
tt0042876,30,Rashômon,Rashômon,1950,1957-11-01,"Crime, Drama, Mystery",88,Japan,Japanese,Akira Kurosawa,"Ryûnosuke Akutagawa, Akira Kurosawa",Daiei Motion Picture Company,"Toshirô Mifune, Machiko Kyô, Masayuki Mori, Takashi Shimura, Minoru Chiaki, Kichijirô Ueda, Noriko Honma, Daisuke Katô","The rape of a bride and the murder of her samurai husband are recalled from the perspectives of a bandit, the bride, the samurai's ghost and a woodcutter.",8.2,139567,"$250,000","$46,808","$46,808",98,319,137
tt0029453,31,Pépé le Moko,Pépé le Moko,1937,1937-01-28,"Crime, Drama, Romance",94,France,"French, Arabic",Julien Duvivier,"Henri La Barthe, Henri La Barthe",Paris Film,"Jean Gabin, Gabriel Gabrio, Saturnin Fabre, Fernand Charpin, Lucas Gridoux, Gilbert Gil, Marcel Dalio, Charles Granval, Gaston Modot, René Bergeron, Paul Escoffier, Roger Legris, Jean Témerson, Robert Ozanne, Philippe Richard","A wanted gangster is both king and prisoner of the Casbah. He is protected from arrest by his friends, but is torn by his desire for freedom outside. A visiting Parisian beauty may just tempt his fate.",7.7,5811,,"$155,895","$155,895",98,44,54
tt0031381,32,Gone with the Wind,Gone with the Wind,1939,1942-09-04,"Drama, History, Romance",238,USA,English,"Victor Fleming, George Cukor","Margaret Mitchell, Sidney Howard",Selznick International Pictures,"Thomas Mitchell, Barbara O'Neil, Vivien Leigh, Evelyn Keyes, Ann Rutherford, George Reeves, Fred Crane, Hattie McDaniel, Oscar Polk, Butterfly McQueen, Victor Jory, Everett Brown, Howard Hickman, Alicia Rhett, Leslie Howard",A manipulative woman and a roguish man conduct a turbulent romance during the American Civil War and Reconstruction periods.,8.1,269664,"$3,977,000","$200,852,579","$402,352,579",97,808,183
tt0054177,33,Le petit soldat,Le petit soldat,1963,1963-01-25,"War, Drama",88,France,French,Jean-Luc Godard,Jean-Luc Godard,Les Productions Georges de Beauregard,"Michel Subor, Anna Karina, Henri-Jacques Huet, Paul Beauvais, László Szabó","During the Algerian War, a man and woman from opposing sides fall in love with one another.",7.3,5405,"$180,000","$24,296","$24,296",97,25,33
tt0069704,34,American Graffiti,American Graffiti,1973,1974-05-31,"Comedy, Drama",110,USA,English,George Lucas,"George Lucas, Gloria Katz",Universal Pictures,"Richard Dreyfuss, Ron Howard, Paul Le Mat, Charles Martin Smith, Cindy Williams, Candy Clark, Mackenzie Phillips, Wolfman Jack, Bo Hopkins, Manuel Padilla Jr., Beau Gentry, Harrison Ford, Jim Bohan, Jana Bellan, Deby Celiz",A couple of high school grads spend one final night cruising the strip with their buddies before they go off to college.,7.4,76383,"$777,000","$115,000,000","$115,000,000",97,281,119
tt0041959,35,The Third Man,The Third Man,1949,1949-10-12,"Film-Noir, Mystery, Thriller",104,UK,"English, German, Russian",Carol Reed,"Graham Greene, Graham Greene",London Film Productions,"Joseph Cotten, Alida Valli, Orson Welles, Trevor Howard, Bernard Lee, Paul Hörbiger, Ernst Deutsch, Siegfried Breuer, Erich Ponto, Wilfrid Hyde-White, Hedwig Bleibtreu","Pulp novelist Holly Martins travels to shadowy, postwar Vienna, only to find himself investigating the mysterious death of an old friend, Harry Lime.",8.1,148705,,"$1,067,364","$1,218,713",97,455,240
tt0097937,36,My Left Foot: The Story of Christy Brown,My Left Foot: The Story of Christy Brown,1989,1989-04-07,"Biography, Drama",103,"Ireland, UK",English,Jim Sheridan,"Shane Connaughton, Jim Sheridan",Ferndale Films,"Daniel Day-Lewis, Brenda Fricker, Alison Whelan, Kirsten Sheridan, Declan Croghan, Eanna MacLiam, Marie Conmee, Cyril Cusack, Phelim Drew, Ruth McCabe, Fiona Shaw, Ray McAnally, Pat Laffan, Derry Power, Hugh O'Conor","Christy Brown, born with cerebral palsy, learns to paint and write with his only controllable limb - his left foot.",7.9,62554,GBP 600000,"$14,743,391","$14,743,391",97,99,48
tt0057012,37,Dr. Strangelove or: How I Learned to Stop Worrying and Love the Bomb,Dr. Strangelove or: How I Learned to Stop Worrying and Love the Bomb,1964,1965-05-14,Comedy,95,"UK, USA","English, Russian",Stanley Kubrick,"Stanley Kubrick, Terry Southern",Columbia Pictures,"Peter Sellers, George C. Scott, Sterling Hayden, Keenan Wynn, Slim Pickens, Peter Bull, James Earl Jones, Tracy Reed, Jack Creley, Frank Berry, Robert O'Neil, Glenn Beck, Roy Stephens, Shane Rimmer, Hal Galili",An insane general triggers a path to nuclear holocaust that a War Room full of politicians and generals frantically tries to stop.,8.4,423973,"$1,800,000","$9,440,272","$9,443,876",97,899,227
tt0054215,38,Psycho,Psycho,1960,1961-07-07,"Horror, Mystery, Thriller",109,USA,English,Alfred Hitchcock,"Joseph Stefano, Robert Bloch",Shamley Productions,"Anthony Perkins, Vera Miles, John Gavin, Janet Leigh, Martin Balsam, John McIntire, Simon Oakland, Frank Albertson, Patricia Hitchcock, Vaughn Taylor, Lurene Tuttle, John Anderson, Mort Mills","A Phoenix secretary embezzles forty thousand dollars from her employer's client, goes on the run, and checks into a remote motel run by a young man under the domination of his mother.",8.5,555227,"$806,947","$32,000,000","$32,000,000",97,1190,231
tt1032846,39,"4 luni, 3 saptamâni si 2 zile","4 luni, 3 saptamâni si 2 zile",2007,2007-09-14,Drama,113,"Romania, Belgium",Romanian,Cristian Mungiu,Cristian Mungiu,Mobra Films,"Anamaria Marinca, Laura Vasiliu, Vlad Ivanov, Alexandru Potocean, Luminita Gheorghiu, Adi Carauleanu, Liliana Mocanu, Tania Popa, Teodor Corban, Cerasela Iosifescu, Doru Ana, Eugenia Bosânceanu, Ion Sapdaru, Cristina Burbuz, Marioara Sterian",A woman assists her friend in arranging an illegal abortion in 1980s Romania.,7.9,52979,EUR 590000,"$1,198,208","$9,840,338",97,184,198
tt0029843,40,The Adventures of Robin Hood,The Adventures of Robin Hood,1938,1939-01-13,"Action, Adventure, Romance",102,USA,English,"Michael Curtiz, William Keighley","Norman Reilly Raine, Seton I. Miller",Warner Bros.,"Errol Flynn, Olivia de Havilland, Basil Rathbone, Claude Rains, Patric Knowles, Eugene Pallette, Alan Hale, Melville Cooper, Ian Hunter, Una O'Connor, Herbert Mundin, Montagu Love, Leonard Willey, Robert Noble, Kenneth Hunter","When Prince John and the Norman Lords begin oppressing the Saxon masses in King Richard's absence, a Saxon lord fights back as the outlaw leader of a rebel guerrilla army.",7.9,44692,"$1,900,000",,,97,264,104
tt0048021,41,Du rififi chez les hommes,Du rififi chez les hommes,1955,1955-04-13,"Crime, Thriller",118,France,"French, Italian, English",Jules Dassin,"Auguste Le Breton, Jules Dassin",Pathé Consortium Cinéma,"Jean Servais, Carl Möhner, Robert Manuel, Janine Darcey, Pierre Grasset, Robert Hossein, Marcel Lupovici, Dominique Maurin, Magali Noël, Marie Sabouret, Claude Sylvain, Jules Dassin, Armandel, Alain Bouvette, Alice Garan","Four men plan a technically perfect crime, but the human element intervenes...",8.2,23556,,"$517,975","$521,342",97,123,131
tt0053291,42,Some Like It Hot,Some Like It Hot,1959,1959-08-14,"Comedy, Music, Romance",121,USA,English,Billy Wilder,"Billy Wilder, I.A.L. Diamond",Ashton Productions,"Marilyn Monroe, Tony Curtis, Jack Lemmon, George Raft, Pat O'Brien, Joe E. Brown, Nehemiah Persoff, Joan Shawlee, Billy Gray, George E. Stone, Dave Barry, Mike Mazurki, Harry Wilson, Beverly Wills, Barbara Drew","When two male musicians witness a mob hit, they flee the state in an all-female band disguised as women, but further complications set in.",8.2,226563,"$2,883,848",,"$83,169,282",97,396,214
tt0101258,43,Ah fei zing zyun,Ah fei zing zyun,1990,1990-12-15,"Crime, Drama, Romance",94,Hong Kong,"Cantonese, Shanghainese, Tagalog, English, Mandarin",Kar-Wai Wong,"Jeffrey Lau, Kar-Wai Wong",In-Gear Film,"Leslie Cheung, Maggie Cheung, Andy Lau, Carina Lau, Rebecca Pan, Jacky Cheung, Tony Chiu-Wai Leung, Danilo Antunes, Mei-Mei Hung, Ling-Ling Hung, Tita Muñoz, Alicia Alonzo, Elena Lim So, Maritoni Fernandez, Angela Ponos",A man tries to find out who his real mother is after the woman who raised him tells him the truth.,7.6,16141,,"$146,310","$3,101,890",96,43,63
tt4034228,44,Manchester by the Sea,Manchester by the Sea,2016,2017-01-13,Drama,137,USA,English,Kenneth Lonergan,Kenneth Lonergan,Amazon Studios,"Casey Affleck, Ben O'Brien, Kyle Chandler, Richard Donelly, Virginia Loring Cooke, Quincy Tyler Bernstine, Missy Yager, Stephen McKinley Henderson, Ben Hanson, Mary Mallen, Lewis D. Wheeler, Anthony Estrella, C.J. Wilson, Susan Pourfar, Robert Sella",A depressed uncle is asked to take care of his teenage nephew after the boy's father dies.,7.8,221835,"$9,000,000","$47,695,371","$78,988,148",96,720,492
tt6155172,45,Roma,Roma,2018,2018-11-29,Drama,135,Mexico,"Spanish, Mixtec, English, Japanese, German, French, Norwegian",Alfonso Cuarón,Alfonso Cuarón,Esperanto Filmoj,"Yalitza Aparicio, Marina de Tavira, Diego Cortina Autrey, Carlos Peralta, Marco Graf, Daniela Demesa, Nancy García García, Verónica García, Andy Cortés, Fernando Grediaga, Jorge Antonio Guerrero, José Manuel Guerrero Mendoza, Latin Lover, Zarela Lizbeth Chinolla Arellano, José Luis López Gómez",A year in the life of a middle-class family's maid in Mexico City in the early 1970s.,7.8,116797,,,"$1,148,031",96,1044,378
tt0044081,46,A Streetcar Named Desire,A Streetcar Named Desire,1951,1951-12-01,Drama,122,USA,"English, Spanish",Elia Kazan,"Tennessee Williams, Oscar Saul",Charles K. Feldman Group,"Vivien Leigh, Marlon Brando, Kim Hunter, Karl Malden, Rudy Bond, Nick Dennis, Peg Hillias, Wright King, Richard Garrick, Ann Dere, Edna Thomas, Mickey Kuhn",Disturbed Blanche DuBois moves in with her sister in New Orleans and is tormented by her brutish brother-in-law while her reality crumbles around her.,8,93287,"$1,800,000",,"$42,818",96,266,79
tt0245429,47,Sen to Chihiro no kamikakushi,Sen to Chihiro no kamikakushi,2001,2003-09-12,"Animation, Adventure, Family",125,Japan,"Japanese, English",Hayao Miyazaki,Hayao Miyazaki,Tokuma Shoten,"Rumi Hiiragi, Miyu Irino, Mari Natsuki, Takashi Naitô, Yasuko Sawaguchi, Tatsuya Gashûin, Ryûnosuke Kamiki, Yumi Tamai, Yô Ôizumi, Koba Hayashi, Tsunehiko Kamijô, Takehiko Ono, Bunta Sugawara, Shigeru Wakita, Shirô Saitô","During her family's move to the suburbs, a sullen 10-year-old girl wanders into a world ruled by gods, witches, and spirits, and where humans are changed into beasts.",8.6,577019,"$19,000,000","$13,750,644","$347,742,810",96,1092,275
tt0058182,48,A Hard Day's Night,A Hard Day's Night,1964,1964-07-24,"Comedy, Music, Musical",87,UK,"English, German, French",Richard Lester,Alun Owen,Walter Shenson Films,"The Beatles, John Lennon, Paul McCartney, George Harrison, Ringo Starr, Wilfrid Brambell, Norman Rossington, John Junkin, Victor Spinetti, Anna Quayle, Deryck Guyler, Richard Vernon, Edward Malin, Robin Ray, Lionel Blair","Over two ""typical"" days in the life of",7.6,37610,"$560,000","$1,480,356","$2,360,561",96,239,85
tt0382932,49,Ratatouille,Ratatouille,2007,2007-10-12,"Animation, Adventure, Comedy",111,USA,"English, French","Brad Bird, Jan Pinkava","Brad Bird, Jan Pinkava",Walt Disney Pictures,"Patton Oswalt, Ian Holm, Lou Romano, Brian Dennehy, Peter Sohn, Peter O'Toole, Brad Garrett, Janeane Garofalo, Will Arnett, Julius Callahan, James Remar, John Ratzenberger, Teddy Newton, Tony Fucile, Jake Steinfeld",A rat who can cook makes an unusual alliance with a young kitchen worker at a famous restaurant.,8,595590,"$150,000,000","$206,445,654","$623,722,818",96,693,332
tt0073440,50,Nashville,Nashville,1975,1976-01-16,"Comedy, Drama, Music",160,USA,English,Robert Altman,Joan Tewkesbury,ABC Entertainment,"David Arkin, Barbara Baxley, Ned Beatty, Karen Black, Ronee Blakley, Timothy Brown, Keith Carradine, Geraldine Chaplin, Robert DoQui, Shelley Duvall, Allen Garfield, Henry Gibson, Scott Glenn, Jeff Goldblum, Barbara Harris","Over the course of a few hectic days, numerous interrelated people prepare for a political convention as secrets and lies are surfaced and revealed.",7.7,21679,"$2,200,000","$9,984,123","$9,984,123",96,173,103
tt0089881,51,Ran,Ran,1985,1985-06-01,"Action, Drama",162,"Japan, France",Japanese,Akira Kurosawa,"Akira Kurosawa, Hideo Oguni",Greenwich Film Productions,"Tatsuya Nakadai, Akira Terao, Jinpachi Nezu, Daisuke Ryû, Mieko Harada, Yoshiko Miyazaki, Hisashi Igawa, Pîtâ, Masayuki Yui, Kazuo Katô, Norio Matsui, Toshiya Ito, Kenji Kodama, Takashi Watanabe, Mansai Nomura","In Medieval Japan, an elderly warlord retires, handing over his empire to his three sons. However, he vastly underestimates how the new-found power will corrupt them and cause them to turn on each other...and him.",8.2,102216,"$11,500,000","$4,135,750","$4,160,924",96,262,155
tt0050083,52,12 Angry Men,12 Angry Men,1957,1957-04-10,Drama,96,USA,English,Sidney Lumet,"Reginald Rose, Reginald Rose",Orion-Nova Productions,"Martin Balsam, John Fiedler, Lee J. Cobb, E.G. Marshall, Jack Klugman, Edward Binns, Jack Warden, Henry Fonda, Joseph Sweeney, Ed Begley, George Voskovec, Robert Webber",A jury holdout attempts to prevent a miscarriage of justice by forcing his colleagues to reconsider the evidence.,8.9,617540,"$350,000",,$576,96,1366,213
tt0070379,53,Mean Streets,Mean Streets,1973,1977-09-30,"Crime, Drama, Thriller",112,USA,"English, Italian",Martin Scorsese,"Martin Scorsese, Mardik Martin",Warner Bros.,"Robert De Niro, Harvey Keitel, David Proval, Amy Robinson, Richard Romanus, Cesare Danova, Victor Argo, George Memmoli, Lenny Scaletta, Jeannie Bell, Murray Moston, David Carradine, Robert Carradine, Lois Walden, Harry Northup",A small-time hood aspires to work his way up the ranks of a local mob.,7.3,88695,"$500,000","$32,645","$41,131",96,264,128
tt2024544,54,12 Years a Slave,12 Years a Slave,2013,2014-01-10,"Biography, Drama, History",134,"USA, UK",English,Steve McQueen,"John Ridley, Solomon Northup",Regency Enterprises,"Chiwetel Ejiofor, Dwight Henry, Dickie Gravois, Bryan Batt, Ashley Dyke, Kelsey Scott, Quvenzhané Wallis, Cameron Zeigler, Tony Bentley, Scoot McNairy, Taran Killam, Christopher Berry, Bill Camp, Mister Mackey Jr., Chris Chalk","In the antebellum United States,",8.1,591906,"$20,000,000","$56,671,993","$187,733,202",96,814,609
tt1454468,55,Gravity,Gravity,2013,2013-11-07,"Drama, Sci-Fi, Thriller",91,"UK, USA","English, Greenlandic",Alfonso Cuarón,"Alfonso Cuarón, Jonás Cuarón",Warner Bros.,"Sandra Bullock, George Clooney, Ed Harris, Orto Ignatiussen, Phaldut Sharma, Amy Warren, Basher Savage",Two astronauts work together to survive after an accident leaves them stranded in space.,7.7,725663,"$100,000,000","$274,092,705","$723,192,705",96,2027,772
tt0027977,56,Modern Times,Modern Times,1936,1936-10-16,"Comedy, Drama, Family",87,USA,English,Charles Chaplin,Charles Chaplin,Charles Chaplin Productions,"Charles Chaplin, Paulette Goddard, Henry Bergman, Tiny Sandford, Chester Conklin, Hank Mann, Stanley Blystone, Al Ernest Garcia, Richard Alexander, Cecil Reynolds, Mira McKinney, Murdock MacQuarrie, Wilfred Lucas, Edward LeSaint, Fred Malatesta",The Tramp struggles to live in modern industrial society with the help of a young homeless woman.,8.5,197969,"$1,500,000","$163,577","$445,226",96,262,146
tt0032455,57,Fantasia,Fantasia,1940,1942-04-03,"Animation, Family, Fantasy",125,USA,English,"James Algar, Samuel Armstrong","Joe Grant, Dick Huemer",Walt Disney Productions,"Leopold Stokowski, Deems Taylor",A collection of animated interpretations of great works of Western classical music.,7.8,83242,"$2,280,000","$76,408,097","$76,411,401",96,322,110
tt0032904,58,The Philadelphia Story,The Philadelphia Story,1940,1941-01-17,"Comedy, Romance",112,USA,"English, French",George Cukor,"Donald Ogden Stewart, Philip Barry",Metro-Goldwyn-Mayer (MGM),"Cary Grant, Katharine Hepburn, James Stewart, Ruth Hussey, John Howard, Roland Young, John Halliday, Mary Nash, Virginia Weidler, Henry Daniell, Lionel Pape, Rex Evans","When a rich woman's ex-husband and a tabloid-type reporter turn up just before her planned remarriage, she begins to learn the truth about herself.",7.9,59585,,"$404,524","$411,442",96,208,124
tt0033563,59,Dumbo,Dumbo,1941,1942-06-05,"Animation, Drama, Family",64,USA,English,"Samuel Armstrong, Norman Ferguson","Joe Grant, Dick Huemer",Walt Disney Productions,"Herman Bing, Billy Bletcher, Edward Brophy, Hall Johnson Choir, Cliff Edwards, Verna Felton, Noreen Gammill, Eddie Holden, Sterling Holloway, Malcolm Hutton, James MacDonald, Harold Manley, John McLeish, Jack Mercer, Tony Neil","Ridiculed because of his enormous ears, a young circus elephant is assisted by a mouse to achieve his full potential.",7.2,111176,"$950,000",,"$3,731",96,163,126
tt0033870,60,The Maltese Falcon,The Maltese Falcon,1941,1941-10-18,"Film-Noir, Mystery",100,USA,English,John Huston,"John Huston, Dashiell Hammett",Warner Bros.,"Humphrey Bogart, Mary Astor, Gladys George, Peter Lorre, Barton MacLane, Lee Patrick, Sydney Greenstreet, Ward Bond, Jerome Cowan, Elisha Cook Jr., James Burke, Murray Alper, John Hamilton","A private detective takes on a case that involves him with three eccentric criminals, a gorgeous liar, and their quest for a priceless statuette.",8,142653,"$375,000",,"$1,255",96,393,130
tt0063522,61,Rosemary's Baby,Rosemary's Baby,1968,1972-03-28,"Drama, Horror",137,USA,English,Roman Polanski,"Ira Levin, Roman Polanski",William Castle Productions,"Mia Farrow, John Cassavetes, Ruth Gordon, Sidney Blackmer, Maurice Evans, Ralph Bellamy, Victoria Vetri, Patsy Kelly, Elisha Cook Jr., Emmaline Henry, Charles Grodin, Hanna Landy, Phil Leeds, D'Urville Martin, Hope Summers","A young couple moves in to an apartment only to be surrounded by peculiar neighbors and occurrences. When the wife becomes mysteriously pregnant, paranoia over the safety of her unborn child begins to control her life.",8,176334,"$2,300,000",,,96,535,249
tt0063462,62,The Producers,The Producers,1967,1970-02-20,"Comedy, Music",88,USA,"English, German",Mel Brooks,Mel Brooks,Crossbow Productions,"Estelle Winwood, Renée Taylor, David Patch, William Hickey, Barney Martin, Shimen Ruskin, Frank Campanella, Josip Elic, Madelyn Cates, John Zoller, Brutus Peck, Anne Ives, Amelie Barleon, Lisa Kirk, Nell Harrison",Producers Max Bialystock and Leo Bloom make money by producing a sure-fire flop.,7.6,47161,"$941,000","$328,673","$375,143",96,259,92
tt0032551,63,The Grapes of Wrath,The Grapes of Wrath,1940,1940-03-15,"Drama, History",129,USA,English,John Ford,"Nunnally Johnson, John Steinbeck",Twentieth Century Fox,"Henry Fonda, Jane Darwell, John Carradine, Charley Grapewin, Dorris Bowdon, Russell Simpson, O.Z. Whitehead, John Qualen, Eddie Quillan, Zeffie Tilbury, Frank Sully, Frank Darien, Darryl Hickman, Shirley Mills, Roger Imhof","A poor Midwest family is forced off their land. They travel to California, suffering the misfortunes of the homeless in the Great Depression.",8,82317,"$800,000",,,96,328,96
tt0036775,64,Double Indemnity,Double Indemnity,1944,1944-07-06,"Crime, Drama, Film-Noir",107,USA,English,Billy Wilder,"Billy Wilder, Raymond Chandler",Paramount Pictures,"Fred MacMurray, Barbara Stanwyck, Edward G. Robinson, Porter Hall, Jean Heather, Tom Powers, Byron Barr, Richard Gaines, Fortunio Bonanova, John Philliber",An insurance representative lets himself be talked by a seductive housewife into a murder/insurance fraud scheme that arouses the suspicion of an insurance investigator.,8.3,132017,"$927,262",,"$13,886",95,364,141
tt0887912,65,The Hurt Locker,The Hurt Locker,2008,2009-08-28,"Drama, Thriller, War",131,USA,"English, Arabic",Kathryn Bigelow,Mark Boal,Voltage Pictures,"Jeremy Renner, Anthony Mackie, Brian Geraghty, Guy Pearce, Ralph Fiennes, David Morse, Evangeline Lilly, Christian Camargo, Suhail Dabbach, Christopher Sayegh, Nabil Koni, Sam Spruell, Sam Redford, Feisal Sadoun, Barrie Rice","During the Iraq War, a Sergeant recently assigned to an army bomb squad is put at odds with his squad mates due to his maverick way of handling his work.",7.6,399403,"$15,000,000","$17,017,811","$49,230,772",95,939,397
tt0052561,66,Anatomy of a Murder,Anatomy of a Murder,1959,1959-09-01,"Crime, Drama, Mystery",161,USA,English,Otto Preminger,"Wendell Mayes, John D. Voelker",Otto Preminger Films,"James Stewart, Lee Remick, Ben Gazzara, Arthur O'Connell, Eve Arden, Kathryn Grant, George C. Scott, Orson Bean, Russ Brown, Murray Hamilton, Brooks West, Ken Lynch, John Qualen, Howard McNear, Alexander Campbell","In a murder trial, the defendant says he suffered temporary insanity after the victim raped his wife. What is the truth, and will he win his case?",8,55291,,"$11,900,000",,95,222,112
tt1832382,67,Jodaeiye Nader az Simin,Jodaeiye Nader az Simin,2011,2011-03-16,Drama,123,"Iran, France",Persian,Asghar Farhadi,Asghar Farhadi,Asghar Farhadi Productions,"Payman Maadi, Leila Hatami, Sareh Bayat, Shahab Hosseini, Sarina Farhadi, Merila Zare'i, Ali-Asghar Shahbazi, Babak Karimi, Kimia Hosseini, Shirin Yazdanbakhsh, Sohibanoo Zolqadr, Mohammadhasan Asghari, Shirin Azimiyannezhad, Hamid Dadju, Mohammad Ebrahimian",A married couple are faced with a difficult decision - to improve the life of their child by moving to another country or to stay in Iran and look after a deteriorating parent who has Alzheimer's disease.,8.3,203179,"$500,000","$7,099,055","$19,899,055",95,321,375
tt0029583,68,Snow White and the Seven Dwarfs,Snow White and the Seven Dwarfs,1937,1938-07-08,"Animation, Family, Fantasy",83,USA,English,"William Cottrell, David Hand","Jacob Grimm, Wilhelm Grimm",Walt Disney Productions,"Roy Atwell, Stuart Buchanan, Adriana Caselotti, Eddie Collins, Pinto Colvig, Marion Darlington, Billy Gilbert, Otis Harlan, Lucille La Verne, James MacDonald, Scotty Mattraw, Moroni Olsen, Purv Pullen, Harry Stockwell","Exiled into the dangerous forest by her wicked stepmother, a princess is rescued by seven dwarf miners who make her part of their household.",7.6,168735,"$1,499,000","$184,925,486","$184,925,486",95,229,166
tt0065214,69,The Wild Bunch,The Wild Bunch,1969,1971-03-05,"Action, Adventure, Western",135,USA,"English, Spanish, German",Sam Peckinpah,"Walon Green, Sam Peckinpah",Warner Brothers/Seven Arts,"William Holden, Ernest Borgnine, Robert Ryan, Edmond O'Brien, Warren Oates, Jaime Sánchez, Ben Johnson, Emilio Fernández, Strother Martin, L.Q. Jones, Albert Dekker, Bo Hopkins, Dub Taylor, Paul Harper, Jorge Russek","An aging group of outlaws look for one last big score as the ""traditional"" American West is disappearing around them.",7.9,73451,"$6,244,087","$638,641","$638,641",95,313,118
tt0101414,70,Beauty and the Beast,Beauty and the Beast,1991,1992-10-16,"Animation, Family, Fantasy",84,USA,"English, French","Gary Trousdale, Kirk Wise","Linda Woolverton, Brenda Chapman",Walt Disney Pictures,"Robby Benson, Jesse Corti, Rex Everhart, Angela Lansbury, Paige O'Hara, Jerry Orbach, Bradley Pierce, David Ogden Stiers, Richard White, Jo Anne Worley, Mary Kay Bergman, Brian Cummings, Alvin Epstein, Tony Jay, Alec Murphy",A prince cursed to spend his days as a hideous monster sets out to regain his humanity by earning a young woman's love.,8,398182,"$25,000,000","$218,967,620","$440,118,382",95,415,209
tt1285016,71,The Social Network,The Social Network,2010,2010-10-15,"Biography, Drama",120,USA,"English, French",David Fincher,"Aaron Sorkin, Ben Mezrich",Columbia Pictures,"Jesse Eisenberg, Rooney Mara, Bryan Barter, Dustin Fitzsimons, Joseph Mazzello, Patrick Mapel, Andrew Garfield, Toby Meuli, Alecia Svensen, Jami Owen, James Dastoli, Robert Dastoli, Scotty Crowe, Jayk Gallagher, Marcella Lentz-Pope",As Harvard student,7.7,579926,"$40,000,000","$96,962,694","$224,920,315",95,792,577
tt0076263,72,Killer of Sheep,Killer of Sheep,1978,1978-11-14,Drama,80,USA,English,Charles Burnett,Charles Burnett,,"Henry G. Sanders, Kaycee Moore, Charles Bracy, Angela Burnett, Eugene Cherry, Jack Drummond, Slim, Delores Farley, Dorothy Stengel, Tobar Mayo, Chris Terrill, Lawrence Pierott, Russell Miles, Homer Jai, Johnny Smoke","Set in the Watts area of Los Angeles, a slaughterhouse worker must suspend his emotions to continue working at a job he finds repugnant, and then he finds he has little sensitivity for the family he works so hard to support.",7.3,5596,"$100,000","$404,508","$468,460",95,36,92
tt0114709,73,Toy Story,Toy Story,1995,1996-03-22,"Animation, Adventure, Comedy",81,USA,English,John Lasseter,"John Lasseter, Pete Docter",Pixar Animation Studios,"Tom Hanks, Tim Allen, Don Rickles, Jim Varney, Wallace Shawn, John Ratzenberger, Annie Potts, John Morris, Erik von Detten, Laurie Metcalf, R. Lee Ermey, Sarah Freeman, Penn Jillette, Jack Angel, Spencer Aste",A cowboy doll is profoundly threatened and jealous when a new spaceman figure supplants him as top toy in a boy's room.,8.3,822929,"$30,000,000","$222,498,679","$406,594,102",95,538,193
tt0085180,74,L'argent,L'argent,1983,1983-05-18,"Crime, Drama",85,"France, Switzerland","French, Latin",Robert Bresson,"Leo Tolstoy, Robert Bresson",Eôs Films,"Christian Patey, Vincent Risterucci, Caroline Lang, Sylvie Van den Elsen, Michel Briguet, Béatrice Tabourin, Didier Baussy, Marc Ernest Fourneau, Bruno Lapeyre, François-Marie Banier, Alain Aptekman, Jeanne Aptekman, Dominique Mullier, Jacques Behr, Gilles Durieux",A forged 500-franc note is passed from person to person until carelessness leads to tragedy.,7.5,7326,,,,95,42,60
tt0058946,75,La battaglia di Algeri,La battaglia di Algeri,1966,1971-03-26,"Drama, War",121,"Italy, Algeria","French, Arabic, English",Gillo Pontecorvo,"Franco Solinas, Franco Solinas",Casbah Film,"Brahim Hadjadj, Jean Martin, Yacef Saadi, Samia Kerbash, Ugo Paletti, Fusia El Kader, Mohamed Ben Kassen","In the 1950s, fear and violence escalate as the people of Algiers fight for independence from the French government.",8.1,48371,"$800,000","$879,794","$964,028",95,278,147
tt1790885,76,Zero Dark Thirty,Zero Dark Thirty,2012,2013-01-25,"Drama, Thriller",157,"USA, United Arab Emirates","English, Arabic",Kathryn Bigelow,Mark Boal,Columbia Pictures,"Jason Clarke, Reda Kateb, Jessica Chastain, Kyle Chandler, Jennifer Ehle, Harold Perrineau, Jeremy Strong, J.J. Kandel, Wahab Sheikh, Alexander Karim, Nabil Elouahabi, Aymen Hamdouchi, Simon Abkarian, Ali Marhyar, Parker Sawyers",A chronicle of the decade-long hunt for al-Qaeda terrorist leader,7.4,255991,"$40,000,000","$95,720,716","$132,820,716",95,684,576
tt0058385,77,My Fair Lady,My Fair Lady,1964,1965-10-15,"Drama, Family, Musical",170,USA,English,George Cukor,"Alan Jay Lerner, George Bernard Shaw",Warner Bros.,"Audrey Hepburn, Rex Harrison, Stanley Holloway, Wilfrid Hyde-White, Gladys Cooper, Jeremy Brett, Theodore Bikel, Mona Washbourne, Isobel Elsom, John Holland",Snobbish phonetics Professor Henry Higgins (Sir Rex Harrison) agrees to a wager that he can make flower girl Eliza Doolittle (Audrey Hepburn) presentable in high society.,7.8,81233,"$17,000,000","$72,560,711","$72,661,442",95,296,89
tt6751668,78,Gisaengchung,Gisaengchung,2019,2020-02-07,"Comedy, Drama, Thriller",132,South Korea,"Korean, English",Bong Joon Ho,"Han Jin Won, Bong Joon Ho",Barunson E&A,"Kang-ho Song, Sun-kyun Lee, Yeo-jeong Jo, Woo-sik Choi, Hye-jin Jang, So-dam Park, Ji-so Jung, Ji-hye Lee, JaeWook Park, Myeong-hoon Park, Seo-joon Park, Keun-rok Park, Seong-Bong Ahn, Kang Echae, Jeong Esuz","All unemployed, Ki-taek and his family take peculiar interest in the wealthy and glamorous Parks, as they ingratiate themselves into their lives and get entangled in an unexpected incident.",8.6,74076,,"$12,558,363","$109,012,467",95,379,285
tt0910970,79,WALL·E,WALL·E,2008,2008-07-18,"Animation, Adventure, Family",98,USA,English,Andrew Stanton,"Andrew Stanton, Pete Docter",FortyFour Studios,"Ben Burtt, Elissa Knight, Jeff Garlin, Fred Willard, MacInTalk, John Ratzenberger, Kathy Najimy, Sigourney Weaver, Teddy Newton, Bob Bergen, John Cygan, Pete Docter, Paul Eiding, Donald Fullilove, Teresa Ganzel","In the distant future, a small waste-collecting robot inadvertently embarks on a space journey that will ultimately decide the fate of mankind.",8.4,931375,"$180,000,000","$223,808,164","$521,311,860",95,1177,264
tt2402927,80,Carol,Carol,2015,2015-11-27,"Drama, Romance",118,"UK, USA",English,Todd Haynes,"Phyllis Nagy, Patricia Highsmith",The Weinstein Company,"Cate Blanchett, Rooney Mara, Kyle Chandler, Sarah Paulson, Jake Lacy, John Magaro, Cory Michael Smith, Kevin Crowley, Nik Pajic, Carrie Brownstein, Trent Rowland, Sadie Heim, Kk Heim, Amy Warner, Michael Haney",An aspiring photographer develops an intimate relationship with an older woman in 1950s New York.,7.2,104125,"$11,800,000","$12,711,491","$40,272,135",95,310,448
tt0375063,81,Sideways,Sideways,2004,2005-01-28,"Comedy, Drama, Romance",127,"USA, Hungary","English, Armenian",Alexander Payne,"Rex Pickett, Alexander Payne",Fox Searchlight Pictures,"Paul Giamatti, Thomas Haden Church, Virginia Madsen, Sandra Oh, Marylouise Burke, Jessica Hecht, Missy Doty, M.C. Gainey, Alysia Reiner, Shake Tukhmanyan, Shaun Duke, Robert Covarrubias, Patrick Gallagher, Stephanie Faracy, Joe Marinelli","Two men reaching middle age with not much to show but disappointment embark on a week-long road trip through California's wine country, just as one is about to take a trip down the aisle.",7.5,171880,"$16,000,000","$71,503,593","$109,706,931",94,866,291
tt0110912,82,Pulp Fiction,Pulp Fiction,1994,1994-10-28,"Crime, Drama",154,USA,"English, Spanish, French",Quentin Tarantino,"Quentin Tarantino, Roger Avary",Miramax,"Tim Roth, Amanda Plummer, Laura Lovelace, John Travolta, Samuel L. Jackson, Phil LaMarr, Frank Whaley, Burr Steers, Bruce Willis, Ving Rhames, Paul Calderon, Bronagh Gallagher, Rosanna Arquette, Eric Stoltz, Uma Thurman","The lives of two mob hitmen, a boxer, a gangster and his wife, and a pair of diner bandits intertwine in four tales of violence and redemption.",8.9,1695085,"$8,000,000","$107,928,762","$214,179,088",94,2766,278
tt0067116,83,The French Connection,The French Connection,1971,1971-12-26,"Action, Crime, Drama",104,USA,"English, French",William Friedkin,"Ernest Tidyman, Robin Moore",Philip D'Antoni Productions,"Gene Hackman, Fernando Rey, Roy Scheider, Tony Lo Bianco, Marcel Bozzuffi, Frédéric de Pasquale, Bill Hickman, Ann Rebbot, Harold Gary, Arlene Farber, Eddie Egan, André Ernotte, Sonny Grosso, Benny Marino, Patrick McDermott",A pair of NYC cops in the Narcotics Bureau stumble onto a drug smuggling job with a French connection.,7.7,101750,"$1,800,000","$51,700,000","$51,700,000",94,311,159
tt0053604,84,The Apartment,The Apartment,1960,1960-09-16,"Comedy, Drama, Romance",125,USA,English,Billy Wilder,"Billy Wilder, I.A.L. Diamond",The Mirisch Corporation,"Jack Lemmon, Shirley MacLaine, Fred MacMurray, Ray Walston, Jack Kruschen, David Lewis, Hope Holiday, Joan Shawlee, Naomi Stevens, Johnny Seven, Joyce Jameson, Willard Waterman, David White, Edie Adams","A man tries to rise in his company by letting its executives use his apartment for trysts, but complications and a romance of his own ensue.",8.3,148964,"$3,000,000",,"$177,066",94,308,229
tt2096673,85,Inside Out,Inside Out,2015,2015-07-24,"Animation, Adventure, Comedy",95,USA,English,"Pete Docter, Ronnie Del Carmen","Pete Docter, Ronnie Del Carmen",Pixar Animation Studios,"Amy Poehler, Phyllis Smith, Richard Kind, Bill Hader, Lewis Black, Mindy Kaling, Kaitlyn Dias, Diane Lane, Kyle MacLachlan, Paula Poundstone, Bobby Moynihan, Paula Pell, Dave Goelz, Frank Oz, Josh Cooley","After young Riley is uprooted from her Midwest life and moved to San Francisco, her emotions - Joy, Fear, Anger, Disgust and Sadness - conflict on how best to navigate a new city, house, and school.",8.2,556161,"$175,000,000","$356,461,711","$857,611,174",94,972,579
tt3544082,86,45 Years,45 Years,2015,2015-08-28,"Drama, Romance",91,UK,English,Andrew Haigh,"Andrew Haigh, David Constantine",BFI Film Fund,"Charlotte Rampling, Tom Courtenay, Geraldine James, Dolly Wells, David Sibley, Sam Alexander, Richard Cunningham, Hannah Chalmers, Camille Ucan, Rufus Wright",A married couple preparing to celebrate their wedding anniversary receives shattering news that promises to forever change the course of their lives.,7,28587,,"$4,247,285","$14,430,249",94,150,286
tt5013056,87,Dunkirk,Dunkirk,2017,2017-07-21,"Action, Drama, History",106,"UK, Netherlands, France, USA","English, French, German",Christopher Nolan,Christopher Nolan,Syncopy,"Fionn Whitehead, Damien Bonnard, Aneurin Barnard, Lee Armstrong, James Bloor, Barry Keoghan, Mark Rylance, Tom Glynn-Carney, Tom Hardy, Jack Lowden, Luke Thompson, Michel Biel, Constantin Balsan, Billy Howle, Mikey Collins","Allied soldiers from Belgium, the British Empire, and France are surrounded by the German Army, and evacuated during a fierce battle in World War II.",7.9,487517,"$100,000,000","$189,740,665","$526,940,665",94,2222,608
tt2209418,88,Before Midnight,Before Midnight,2013,2013-06-21,"Drama, Romance",109,"USA, Greece","English, Greek, French",Richard Linklater,"Richard Linklater, Julie Delpy",Faliro House Productions,"Ethan Hawke, Julie Delpy, Seamus Davey-Fitzpatrick, Jennifer Prior, Charlotte Prior, Xenia Kalogeropoulou, Walter Lassally, Ariane Labed, Yiannis Papadopoulos, Athina Rachel Tsangari, Panos Koronis, Enrico Focardi, Manolis Goussias, Anouk Servera, Yota Argyropoulou",We meet Jesse and Celine nine years on in Greece. Almost two decades have passed since their first meeting on that train bound for Vienna.,7.9,126911,"$3,000,000","$8,114,627","$11,176,469",94,293,431
tt0064285,89,L'enfant sauvage,L'enfant sauvage,1970,1970-02-26,Drama,83,France,"French, French Sign Language",François Truffaut,"François Truffaut, Jean Gruault",Les Artistes Associés,"Jean-Pierre Cargol, François Truffaut, Françoise Seigner, Jean Dasté, Annie Miller, Claude Miller, Paul Villé, Nathan Miller, Mathieu Schiffman, Jean Gruault, Robert Cambourakis, Gitt Magrini, Jean-François Stévenin, Laura Truffaut, Eva Truffaut","In a French forest in 1798, a child is found who cannot walk, speak, read or write. A doctor becomes interested in the child and patiently attempts to civilize him.",7.5,6980,,"$65,560","$65,560",94,44,48
tt4925292,90,Lady Bird,Lady Bird,2017,2018-02-23,"Comedy, Drama",94,USA,"English, Spanish",Greta Gerwig,Greta Gerwig,IAC Films,"Saoirse Ronan, Laurie Metcalf, Tracy Letts, Lucas Hedges, Timothée Chalamet, Beanie Feldstein, Lois Smith, Stephen McKinley Henderson, Odeya Rush, Jordan Rodrigues, Marielle Scott, John Karna, Jake McDorman, Bayne Gibby, Laura Marano","In 2002, an artistically inclined seventeen-year-old girl comes of age in Sacramento, California.",7.4,189351,"$10,000,000","$48,958,273","$78,965,611",94,624,449
tt0167260,91,The Lord of the Rings: The Return of the King,The Lord of the Rings: The Return of the King,2003,2003-12-17,"Adventure, Drama, Fantasy",201,"New Zealand, USA","English, Quenya, Old English, Sindarin",Peter Jackson,"J.R.R. Tolkien, Fran Walsh",New Line Cinema,"Noel Appleby, Ali Astin, Sean Astin, David Aston, John Bach, Sean Bean, Cate Blanchett, Orlando Bloom, Billy Boyd, Sadwyn Brophy, Alistair Browning, Marton Csokas, Richard Edge, Jason Fitch, Bernard Hill",Gandalf and Aragorn lead the World of Men against Sauron's army to draw his gaze from Frodo and Sam as they approach Mount Doom with the One Ring.,8.9,1533574,"$94,000,000","$377,845,905","$1,120,424,614",94,3528,346
tt1302006,92,The Irishman,The Irishman,2019,2019-11-27,"Biography, Crime, Drama",209,USA,"English, Italian, Latin",Martin Scorsese,"Charles Brandt, Steven Zaillian",Fábrica de Cine,"Robert De Niro, Al Pacino, Jesse Plemons, Anna Paquin, Joe Pesci, Stephen Graham, Bobby Cannavale, Harvey Keitel, Jack Huston, Kathrine Narducci, Domenick Lombardozzi, Dascha Polanco, Aleksa Palladino, Ray Romano, Steven Van Zandt",A mob hitman recalls his possible involvement with the slaying of Jimmy Hoffa.,8.7,8846,"$159,000,000",,,94,99,156
tt0036342,93,Shadow of a Doubt,Shadow of a Doubt,1943,1943-01-15,Thriller,108,USA,English,Alfred Hitchcock,"Thornton Wilder, Sally Benson",Universal Pictures,"Teresa Wright, Joseph Cotten, Macdonald Carey, Henry Travers, Patricia Collinge, Hume Cronyn, Wallace Ford, Edna May Wonacott, Charles Bates, Irving Bacon, Clarence Muse, Janet Shaw, Estelle Jewell",A young woman discovers her visiting uncle may not be the man he seems to be.,7.9,55110,,,,94,251,91
tt0049730,94,The Searchers,The Searchers,1956,1957-01-18,"Adventure, Drama, Western",119,USA,"English, Navajo, Spanish",John Ford,"Frank S. Nugent, Alan Le May",C.V. Whitney Pictures,"John Wayne, Jeffrey Hunter, Vera Miles, Ward Bond, Natalie Wood, John Qualen, Olive Carey, Henry Brandon, Ken Curtis, Harry Carey Jr., Antonio Moreno, Hank Worden, Beulah Archuletta, Walter Coy, Dorothy Jordan",An American Civil War veteran embarks on a journey to rescue his niece from the Comanches.,7.9,74695,"$3,750,000",,,94,469,117
tt1602620,95,Amour,Amour,2012,2012-11-16,"Drama, Romance",127,"Austria, France, Germany","French, English",Michael Haneke,Michael Haneke,Les Films du Losange,"Jean-Louis Trintignant, Emmanuelle Riva, Isabelle Huppert, Alexandre Tharaud, William Shimell, Ramón Agirre, Rita Blanco, Carole Franck, Dinara Drukarova, Laurent Capelluto, Jean-Michel Monroc, Suzanne Schmidt, Damien Jouillerot, Walid Afkir","Georges and Anne are an octogenarian couple. They are cultivated, retired music teachers. Their daughter, also a musician, lives in Britain with her family. One day, Anne has a stroke, and the couple's bond of love is severely tested.",7.9,86628,"$8,900,000","$6,739,492","$19,851,452",94,210,461
tt2473794,96,Mr. Turner,Mr. Turner,2014,2014-10-31,"Biography, Drama, History",150,"UK, France, Germany",English,Mike Leigh,Mike Leigh,Amusement Park Films,"Timothy Spall, Paul Jesson, Dorothy Atkinson, Marion Bailey, Karl Johnson, Ruth Sheen, Sandy Foster, Amy Dawson, Lesley Manville, Martin Savage, Richard Bremmer, Niall Buggy, Fred Pearson, Tom Edden, Jamie Thomas King","An exploration of the last quarter century of the great, if eccentric, British painter J.M.W. Turner's life.",6.8,23092,GBP 8200000,"$3,958,500","$22,179,785",94,184,269
tt0108052,97,Schindler's List,Schindler's List,1993,1994-03-04,"Biography, Drama, History",195,USA,"English, Hebrew, German, Polish",Steven Spielberg,"Thomas Keneally, Steven Zaillian",Universal Pictures,"Liam Neeson, Ben Kingsley, Ralph Fiennes, Caroline Goodall, Jonathan Sagall, Embeth Davidtz, Malgorzata Gebel, Shmuel Levy, Mark Ivanir, Béatrice Macola, Andrzej Seweryn, Friedrich von Thun, Krzysztof Luft, Harry Nehring, Norbert Weisser","In German-occupied Poland during World War II, industrialist",8.9,1120236,"$22,000,000","$96,898,818","$322,243,445",94,1642,221
tt0042531,98,The Gunfighter,The Gunfighter,1950,1950-08-21,Western,85,USA,English,Henry King,"William Bowers, William Sellers",Twentieth Century Fox,"Gregory Peck, Helen Westcott, Millard Mitchell, Jean Parker, Karl Malden, Skip Homeier, Anthony Ross, Verna Felton, Ellen Corby, Richard Jaeckel","Notorious gunfighter Jimmy Ringo rides into town to find his true love, who doesn't want to see him. He hasn't come looking for trouble, but trouble finds him around every corner.",7.7,8560,,,,94,82,45
tt0078788,99,Apocalypse Now,Apocalypse Now,1979,1979-12-21,"Drama, Mystery, War",147,USA,"English, French, Vietnamese","Francis Ford Coppola, Francis Ford Coppola","John Milius, Francis Ford Coppola",Zoetrope,"Marlon Brando, Martin Sheen, Robert Duvall, Frederic Forrest, Sam Bottoms, Laurence Fishburne, Albert Hall, Harrison Ford, Dennis Hopper, G.D. Spradlin, Jerry Ziesmer, Scott Glenn, Bo Byers, James Keane, Kerry Rossall",A U.S. Army officer serving in Vietnam is tasked with assassinating a renegade Special Forces Colonel who sees himself as a god.,8.4,563282,"$31,500,000","$83,471,511","$91,880,647",94,1115,312
tt0056217,100,The Man Who Shot Liberty Valance,The Man Who Shot Liberty Valance,1962,1962-06-08,"Drama, Western",123,USA,English,John Ford,"James Warner Bellah, Willis Goldbeck",John Ford Productions,"John Wayne, James Stewart, Vera Miles, Lee Marvin, Edmond O'Brien, Andy Devine, Ken Murray, John Carradine, Jeanette Nolan, John Qualen, Willis Bouchey, Carleton Young, Woody Strode, Denver Pyle, Strother Martin","A senator, who became famous for killing a notorious outlaw, returns for the funeral of an old friend and tells the truth about his deed.",8.1,63950,"$3,200,000",,,94,242,78